Customer State,Total Orders,Delivered Orders,RTO Orders,Cancelled Orders,Exchanged Orders,Delivered %,RTO %,Cancelled %,Exchanged %
Uttar Pradesh,56731,36983,17479,7841,550,65.19,30.81,13.82,0.97
Maharashtra,25089,17141,6936,2948,335,68.32,27.65,11.75,1.34
Bihar,24101,14811,8046,3324,154,61.45,33.38,13.79,0.64
Gujarat,17384,12418,4397,1904,250,71.43,25.29,10.95,1.44
Rajasthan,14854,9764,4575,1870,123,65.73,30.8,12.59,0.83
Karnataka,14836,10100,4001,1499,143,68.08,26.97,10.1,0.96
West Bengal,14501,10580,3251,1557,171,72.96,22.42,10.74,1.18
Madhya Pradesh,14272,9419,4154,1655,190,66.0,29.11,11.6,1.33
Andhra Pradesh,11805,8105,3049,1137,85,68.66,25.83,9.63,0.72
Delhi,10351,7379,2605,1189,156,71.29,25.17,11.49,1.51
Punjab,10089,6497,3174,1226,89,64.4,31.46,12.15,0.88
Telangana,10079,6802,2809,1012,116,67.49,27.87,10.04,1.15
Haryana,9802,6481,2968,1258,92,66.12,30.28,12.83,0.94
Tamil Nadu,9112,6419,2245,1017,86,70.45,24.64,11.16,0.94
Jharkhand,8067,5381,2353,969,76,66.7,29.17,12.01,0.94
Odisha,7454,5305,1797,856,68,71.17,24.11,11.48,0.91
Assam,7046,4553,1990,553,32,64.62,28.24,7.85,0.45
Chhattisgarh,5542,3897,1391,549,61,70.32,25.1,9.91,1.1
Uttarakhand,4988,3416,1379,553,74,68.48,27.65,11.09,1.48
Jammu & Kashmir,4330,2541,1617,566,34,58.68,37.34,13.07,0.79
Kerala,3565,2574,818,395,52,72.2,22.95,11.08,1.46
Himachal Pradesh,3241,2385,756,343,28,73.59,23.33,10.58,0.86
Meghalaya,753,535,183,70,0,71.05,24.3,9.3,0.0
Tripura,740,494,204,63,5,66.76,27.57,8.51,0.68
Chandigarh,693,474,184,83,14,68.4,26.55,11.98,2.02
Arunachal Pradesh,574,386,157,40,6,67.25,27.35,6.97,1.05
Manipur,573,440,112,61,0,76.79,19.55,10.65,0.0
Goa,476,339,111,31,4,71.22,23.32,6.51,0.84
Sikkim,293,203,76,16,3,69.28,25.94,5.46,1.02
Andaman and Nicobar Islands,245,131,102,38,0,53.47,41.63,15.51,0.0
Nagaland,202,148,42,21,4,73.27,20.79,10.4,1.98
Puducherry,197,134,51,23,4,68.02,25.89,11.68,2.03
Mizoram,186,141,39,11,0,75.81,20.97,5.91,0.0
Andaman & Nicobar Islands,121,98,15,6,0,80.99,12.4,4.96,0.0
Dadra & Nagar Haveli & Daman & Diu,106,72,28,8,2,67.92,26.42,7.55,1.89
Tamilnadu,105,91,11,8,1,86.67,10.48,7.62,0.95
Dadra and Nagar Haveli and Daman and Diu,70,46,18,11,0,65.71,25.71,15.71,0.0
Daman & Diu,68,49,16,7,0,72.06,23.53,10.29,0.0
Ladakh,64,15,47,26,0,23.44,73.44,40.62,0.0
maharashtra,50,39,10,4,1,78.0,20.0,8.0,2.0
karnataka,49,40,8,6,0,81.63,16.33,12.24,0.0
uttar pradesh,44,36,8,3,0,81.82,18.18,6.82,0.0
bihar,39,27,12,6,0,69.23,30.77,15.38,0.0
jharkhand,38,26,10,9,1,68.42,26.32,23.68,2.63
Andhrapradesh,38,31,5,3,0,81.58,13.16,7.89,0.0
kerala,36,21,14,7,1,58.33,38.89,19.44,2.78
odisha,35,29,5,2,0,82.86,14.29,5.71,0.0
punjab,29,18,9,2,2,62.07,31.03,6.9,6.9
delhi,24,22,1,0,1,91.67,4.17,0.0,4.17
tamilnadu,24,16,5,5,0,66.67,20.83,20.83,0.0
assam,18,12,6,2,0,66.67,33.33,11.11,0.0
madhya pradesh,18,16,2,0,0,88.89,11.11,0.0,0.0
rajasthan,17,12,4,3,0,70.59,23.53,17.65,0.0
telangana,17,12,5,1,0,70.59,29.41,5.88,0.0
gujarat,16,13,3,2,0,81.25,18.75,12.5,0.0
chhattisgarh,15,12,2,1,0,80.0,13.33,6.67,0.0
uttar Pradesh,14,11,2,1,0,78.57,14.29,7.14,0.0
west bengal,13,11,2,2,0,84.62,15.38,15.38,0.0
Uttarpradesh,12,7,5,0,0,58.33,41.67,0.0,0.0
Tamil nadu,11,6,4,2,0,54.55,36.36,18.18,0.0
Uttar pradesh,11,9,2,2,0,81.82,18.18,18.18,0.0
Lakshadweep,11,3,8,5,0,27.27,72.73,45.45,0.0
andhra pradesh,9,8,1,1,0,88.89,11.11,11.11,0.0
haryana,9,8,1,1,0,88.89,11.11,11.11,0.0
andhrapradesh,7,6,1,0,0,85.71,14.29,0.0,0.0
manipur,7,4,3,2,0,57.14,42.86,28.57,0.0
tamil nadu,7,3,4,4,0,42.86,57.14,57.14,0.0
Andhra pradesh,7,6,1,1,0,85.71,14.29,14.29,0.0
west Bengal,7,4,1,1,0,57.14,14.29,14.29,0.0
Westbengal,6,5,1,0,0,83.33,16.67,0.0,0.0
West bengal,6,5,1,1,0,83.33,16.67,16.67,0.0
uttarpradesh,5,4,1,0,0,80.0,20.0,0.0,0.0
Others,4,1,3,1,0,25.0,75.0,25.0,0.0
WEST BENGAL,4,4,0,0,0,100.0,0.0,0.0,0.0
TELANGANA,3,2,1,0,0,66.67,33.33,0.0,0.0
ODISHA,3,3,0,0,0,100.0,0.0,0.0,0.0
UTTAR PRADESH,3,3,0,0,0,100.0,0.0,0.0,0.0
BIHAR,3,2,0,0,1,66.67,0.0,0.0,33.33
Madhya pradesh,3,3,0,0,0,100.0,0.0,0.0,0.0
KERALA,3,2,0,0,0,66.67,0.0,0.0,0.0
ASSAM,2,2,0,0,0,100.0,0.0,0.0,0.0
Himachal pradesh,2,2,0,0,0,100.0,0.0,0.0,0.0
PUNJAB,2,2,0,0,0,100.0,0.0,0.0,0.0
Gingee,2,2,0,0,0,100.0,0.0,0.0,0.0
MAHARASHTRA,2,1,1,0,0,50.0,50.0,0.0,0.0
himachal pradesh,2,1,1,1,0,50.0,50.0,50.0,0.0
meghalaya,2,2,0,0,0,100.0,0.0,0.0,0.0
uttarakhand,2,2,0,0,0,100.0,0.0,0.0,0.0
madhya Pradesh,2,1,1,1,0,50.0,50.0,50.0,0.0
Madhyapradesh,2,2,0,0,0,100.0,0.0,0.0,0.0
Hazaribag District,1,0,1,1,0,0.0,100.0,100.0,0.0
Pune,1,1,0,0,0,100.0,0.0,0.0,0.0
Pashchim Banga (West Bengal),1,1,0,0,0,100.0,0.0,0.0,0.0
Malda District,1,0,1,0,0,0.0,100.0,0.0,0.0
Jammu &kashmir,1,1,0,0,0,100.0,0.0,0.0,0.0
KARNATAKA,1,1,0,0,0,100.0,0.0,0.0,0.0
MADHYA PRADESH,1,1,0,0,0,100.0,0.0,0.0,0.0
Madaypardesh,1,1,0,0,0,100.0,0.0,0.0,0.0
Madhya  Pradesh,1,1,0,0,0,100.0,0.0,0.0,0.0
Dadra & Nagar Haveli,1,1,0,0,0,100.0,0.0,0.0,0.0
Arunachal pradesh,1,1,0,0,0,100.0,0.0,0.0,0.0
ANDHRAPRADESH,1,1,0,0,0,100.0,0.0,0.0,0.0
Ahmedabad District,1,0,1,0,0,0.0,100.0,0.0,0.0
Daman& Diu,1,1,0,0,0,100.0,0.0,0.0,0.0
BIhar,1,0,1,0,0,0.0,100.0,0.0,0.0
Shahpur,1,1,0,0,0,100.0,0.0,0.0,0.0
Tamil  Nadu,1,0,1,1,0,0.0,100.0,100.0,0.0
chandigarh,1,1,0,0,0,100.0,0.0,0.0,0.0
arunachal pradesh,1,0,0,0,0,0.0,0.0,0.0,0.0
andhra  pradesh,1,0,1,0,0,0.0,100.0,0.0,0.0
WestBengal,1,0,1,1,0,0.0,100.0,100.0,0.0
RAJASTHAN,1,1,0,0,0,100.0,0.0,0.0,0.0
TAMILNADU,1,1,0,0,0,100.0,0.0,0.0,0.0
Tamil  nadu,1,1,0,0,0,100.0,0.0,0.0,0.0
UP,1,1,0,0,0,100.0,0.0,0.0,0.0
TAMIL NADU,1,1,0,0,0,100.0,0.0,0.0,0.0
mizoram,1,1,0,0,0,100.0,0.0,0.0,0.0
himachal Pradesh,1,1,0,0,0,100.0,0.0,0.0,0.0
madhyapradesh,1,0,1,1,0,0.0,100.0,100.0,0.0
tamil Nadu,1,0,1,1,0,0.0,100.0,100.0,0.0
nagaland,1,1,0,0,0,100.0,0.0,0.0,0.0
up,1,1,0,0,0,100.0,0.0,0.0,0.0
westbengal,1,1,0,0,0,100.0,0.0,0.0,0.0
